Noise,Mean QBER
0,0.0
0.01,0.006060606060606061
0.02,0.0
0.05,0.006896551724137931
0.1,0.006666666666666666
