Eve Probability,Mean QBER
0,0.0
0.2,0.045
0.4,0.13323826808400313
0.6,0.25411365039055933
0.8,0.17579847053531267
1.0,0.263513311482951
