Eve Probability,Mean QBER
0,0.0
0.5,0.07142857142857142
1.0,0.15833333333333333
